frame,x,y,photons,sx,sy,bg,lpx,lpy,ellipticity,net_gradient,dx,dy,x_corrected,y_corrected,spot,group,x_group,y_group
0,3.8325155,207.1577,12853.471,2.119733,2.2200174,80.706215,0.029835353,0.03164768,0.04517277,15710.781,-0.311372756958008,-0.453388243913651,4.14388825695801,207.611088243914,0,20,4.14388825695801,207.611088243914
0,14.011091,5.119447,11874.657,2.312917,2.310156,6.997771,0.029157978,0.029122224,0.0011936818,10772.77,-0.311372756958008,-0.453388243913651,14.322463756958,5.57283524391365,1,,,
0,17.64688,145.48447,8030.7744,2.1623657,2.0376692,31.487951,0.036489237,0.03402532,0.0576667,9366.42,-0.311372756958008,-0.453388243913651,17.958252756958,145.937858243914,2,,,
0,20.301662,90.59662,12376.204,2.2474458,2.3963277,-5.616415,0.02670634,0.028382348,0.062129196,11310.988,-0.311372756958008,-0.453388243913651,20.613034756958,91.0500082439136,3,,,
0,29.331509,230.88081,10038.472,2.240381,2.520033,98.63908,0.03929626,0.04645194,0.11097152,10176.644,-0.311372756958008,-0.453388243913651,29.642881756958,231.334198243914,4,4412,29.642881756958,231.334198243914
0,40.054882,107.73867,10728.858,2.2496204,2.3168142,31.74415,0.032183737,0.03330418,0.029002648,9214.488,-0.311372756958008,-0.453388243913651,40.366254756958,108.192058243914,5,,,
0,46.13617,101.47819,10236.078,2.227555,2.3387964,24.760988,0.032053877,0.033876978,0.0475635,9954.267,-0.311372756958008,-0.453388243913651,46.447542756958,101.931578243914,6,,,
0,60.198555,190.49559,9807.408,2.3308086,2.3076818,13.004789,0.03321552,0.032860965,0.009922239,9444.905,-0.311372756958008,-0.453388243913651,60.509927756958,190.948978243914,7,,,
0,60.74146,286.6159,8349.875,2.142318,2.0149238,27.24586,0.03477588,0.032415193,0.059465587,10217.403,-0.311372756958008,-0.453388243913651,61.052832756958,287.069288243914,8,,,
0,65.2103,227.73297,13155.797,2.5610113,2.5267074,-22.077778,0.027497744,0.027200677,0.013394671,9573.209,-0.311372756958008,-0.453388243913651,65.521672756958,228.186358243914,9,,,
0,73.506134,197.49643,18759.783,2.6734097,2.6870918,-42.186428,0.02297159,0.023052825,0.0050917976,11748.374,-0.311372756958008,-0.453388243913651,73.817506756958,197.949818243914,10,,,
0,75.42,159.43045,7726.487,2.061438,1.903678,44.456566,0.036719333,0.033320412,0.07652911,10890.219,-0.311372756958008,-0.453388243913651,75.731372756958,159.883838243914,11,677,75.731372756958,159.883838243914
0,77.35612,215.13614,9651.925,2.174496,2.0562599,24.478867,0.03223625,0.030280368,0.05437401,10151.801,-0.311372756958008,-0.453388243913651,77.667492756958,215.589528243914,12,,,
0,92.09339,133.06223,5163.158,1.8265693,1.9301292,45.707085,0.041004773,0.04400599,0.05365436,5953.495,-0.311372756958008,-0.453388243913651,92.404762756958,133.515618243914,13,,,
0,97.66782,223.72833,12388.47,2.4296522,2.4699674,-14.166865,0.027855711,0.028261445,0.01632214,10183.082,-0.311372756958008,-0.453388243913651,97.979192756958,224.181718243914,14,,,
0,98.09716,85.062935,10147.387,2.1822062,2.1124065,24.952667,0.031494025,0.030367935,0.031985823,10805.297,-0.311372756958008,-0.453388243913651,98.408532756958,85.5163232439137,15,,,
0,109.02102,174.01573,12887.501,2.419117,2.3933206,-14.506981,0.027229307,0.026972419,0.010663566,11208.265,-0.311372756958008,-0.453388243913651,109.332392756958,174.469118243914,16,3949,109.332392756958,174.469118243914
0,127.916756,94.01808,19126.396,2.7149036,2.515896,-30.182182,0.024033934,0.022601016,0.07330187,12182.336,-0.311372756958008,-0.453388243913651,128.228128756958,94.4714682439136,17,1213,128.228128756958,94.4714682439136
0,132.20406,199.1779,7659.304,2.110835,1.9430307,32.73178,0.036639065,0.033232864,0.07949667,9495.855,-0.311372756958008,-0.453388243913651,132.515432756958,199.631288243914,18,,,
0,147.06288,53.318256,11592.868,2.2176716,2.2075522,13.051453,0.028775368,0.0286368,0.0045630913,11772.021,-0.311372756958008,-0.453388243913651,147.374252756958,53.7716442439137,19,,,
0,153.10649,260.78616,6670.5723,2.0215743,1.997255,33.710636,0.03798006,0.037431255,0.012029878,9242.364,-0.311372756958008,-0.453388243913651,153.417862756958,261.239548243914,20,,,
0,157.26036,171.31693,11201.719,2.4085429,2.254105,9.426923,0.031611245,0.029495185,0.06412084,10125.847,-0.311372756958008,-0.453388243913651,157.571732756958,171.770318243914,21,,,
0,176.45523,240.20206,8827.668,2.2169986,2.2734687,13.776492,0.033430874,0.034354612,0.024838764,9090.199,-0.311372756958008,-0.453388243913651,176.766602756958,240.655448243914,22,,,
0,190.933,181.57298,12350.727,2.2621381,2.1826067,6.3244653,0.02787048,0.026873402,0.035157636,12417.4,-0.311372756958008,-0.453388243913651,191.244372756958,182.026368243914,23,,,
0,193.78235,175.60132,9172.475,2.0040457,2.2652109,57.307247,0.032897737,0.0384206,0.115293965,10515.451,-0.311372756958008,-0.453388243913651,194.093722756958,176.054708243914,24,,,
0,196.29321,47.519897,12875.734,2.3489916,2.358033,6.04651,0.02832157,0.028432833,0.0038342592,11591.148,-0.311372756958008,-0.453388243913651,196.604582756958,47.9732852439137,25,,,
0,198.752,98.14586,14144.001,2.4955962,2.399001,-12.912464,0.026993753,0.026049089,0.0387063,11501.946,-0.311372756958008,-0.453388243913651,199.063372756958,98.5992482439136,26,,,
0,223.05038,116.23409,9644.25,2.1600647,2.1442497,24.518158,0.032013707,0.031750213,0.007321549,10632.559,-0.311372756958008,-0.453388243913651,223.361752756958,116.687478243914,27,,,
0,229.21445,67.898155,11133.373,2.1629229,2.1850076,16.414057,0.02890995,0.029226566,0.010107385,12627.433,-0.311372756958008,-0.453388243913651,229.525822756958,68.3515432439137,28,,,
0,248.49092,78.57392,21005.072,2.1168163,2.2512515,43.54964,0.020927895,0.022401558,0.05971575,23200.375,-0.311372756958008,-0.453388243913651,248.802292756958,79.0273082439137,29,,,
0,249.31621,129.90538,7099.896,2.257759,2.1547637,25.76069,0.040521424,0.038345274,0.04561842,6157.633,-0.311372756958008,-0.453388243913651,249.627582756958,130.358768243914,30,,,
0,249.93759,65.72691,11125.112,2.1963265,2.2593527,26.097775,0.03019562,0.031171698,0.027895685,11262.163,-0.311372756958008,-0.453388243913651,250.248962756958,66.1802982439137,31,,,
0,281.70068,79.71086,10077.818,2.181208,2.2915068,22.457703,0.031372223,0.033153288,0.048133776,9286.457,-0.311372756958008,-0.453388243913651,282.012052756958,80.1642482439137,32,,,
0,286.47476,88.03563,9046.0625,2.1876383,2.2502813,22.826607,0.03351283,0.034601536,0.027837874,9673.1455,-0.311372756958008,-0.453388243913651,286.786132756958,88.4890182439137,33,,,
0,292.27692,278.14014,5087.091,2.2633948,1.7866218,51.26868,0.0562943,0.040973023,0.2106451,5933.4717,-0.311372756958008,-0.453388243913651,292.588292756958,278.593528243914,34,,,
1,3.9337575,207.24043,14667.8955,2.2740314,2.3583875,56.88353,0.02864142,0.029933201,0.03576854,14990.634,-0.310567080974579,-0.452261328697205,4.24432458097458,207.692691328697,0,20,4.24432458097458,207.692691328697
1,14.053562,5.0583887,12220.388,2.2949772,2.36694,8.596676,0.028631272,0.029561993,0.03040332,11784.239,-0.310567080974579,-0.452261328697205,14.3641290809746,5.5106500286972,1,,,
1,17.606928,145.46202,8833.198,2.0735092,2.1739964,25.92989,0.03228804,0.034076236,0.046222355,9713.34,-0.310567080974579,-0.452261328697205,17.9174950809746,145.914281328697,2,,,
1,20.181946,90.75703,3454.1404,2.3038833,2.2870913,46.503384,0.07497963,0.07417157,0.007288589,3264.9668,-0.310567080974579,-0.452261328697205,20.4925130809746,91.2092913286972,3,,,
1,29.325758,230.8931,7049.6045,1.9514914,2.0680501,123.36976,0.04388968,0.047808595,0.056361686,10715.222,-0.310567080974579,-0.452261328697205,29.6363250809746,231.345361328697,4,4412,29.6363250809746,231.345361328697
1,39.91596,107.67218,11811.726,2.2813845,2.3721888,22.233936,0.030131422,0.031466134,0.038278714,10870.352,-0.310567080974579,-0.452261328697205,40.2265270809746,108.124441328697,5,,,
1,46.078453,101.53472,7926.9565,2.077256,2.024644,53.679226,0.037440035,0.03624359,0.025327677,8600.818,-0.310567080974579,-0.452261328697205,46.3890200809746,101.986981328697,6,,,
1,60.36155,190.52629,10485.6875,2.350331,2.420551,2.9000652,0.031169519,0.032107677,0.02900992,8752.315,-0.310567080974579,-0.452261328697205,60.6721170809746,190.978551328697,7,,,
1,65.341644,227.67651,8219.741,2.1651964,2.1383746,27.514858,0.03556659,0.035055377,0.012387722,9108.513,-0.310567080974579,-0.452261328697205,65.6522110809746,228.128771328697,8,,,
1,73.447754,197.48041,12320.173,2.3676155,2.275792,16.950554,0.030194994,0.028932804,0.038783148,9056.482,-0.310567080974579,-0.452261328697205,73.7583210809746,197.932671328697,9,,,
1,75.37411,159.46713,7337.529,1.9633001,1.9018809,50.686913,0.03634561,0.034936804,0.031283677,10315.412,-0.310567080974579,-0.452261328697205,75.6846770809746,159.919391328697,10,677,75.6846770809746,159.919391328697
1,77.37469,215.14415,5473.025,2.3410754,2.304804,27.807058,0.050295174,0.049313072,0.01549345,5305.072,-0.310567080974579,-0.452261328697205,77.6852570809746,215.596411328697,11,,,
1,92.17476,132.9661,5672.153,2.0288904,1.9881049,44.63602,0.04394637,0.04281223,0.020102333,6877.6685,-0.310567080974579,-0.452261328697205,92.4853270809746,133.418361328697,12,,,
1,97.65215,223.75215,11656.662,2.368586,2.2928855,-9.575861,0.028476564,0.027640432,0.031960215,10769.72,-0.310567080974579,-0.452261328697205,97.9627170809746,224.204411328697,13,,,
1,98.1069,85.05741,10917.6455,2.3182642,2.257032,19.892546,0.03183771,0.030911535,0.026413007,10057.232,-0.310567080974579,-0.452261328697205,98.4174670809746,85.5096713286972,14,,,
1,108.94776,173.96413,10696.631,2.3043244,2.2023802,5.217222,0.030490818,0.029118638,0.04424039,11167.774,-0.310567080974579,-0.452261328697205,109.258327080975,174.416391328697,15,3949,109.258327080975,174.416391328697
1,117.96221,145.37106,6374.0034,2.1608653,2.2596004,29.147459,0.041627515,0.043963853,0.043695822,6749.6284,-0.310567080974579,-0.452261328697205,118.272777080975,145.823321328697,16,1090,118.272777080975,145.823321328697
1,128.00768,93.97985,20719.168,2.7726505,2.620323,-35.895573,0.023235036,0.022243937,0.054939322,12442.664,-0.310567080974579,-0.452261328697205,128.318247080975,94.4321113286972,17,1213,128.318247080975,94.4321113286972
1,132.18553,199.1621,9515.958,2.3521116,2.1299238,6.2109222,0.033219036,0.029998114,0.0944631,9974.154,-0.310567080974579,-0.452261328697205,132.496097080975,199.614361328697,18,,,
1,147.08162,53.270405,17349.646,2.5638523,2.6524298,-40.230564,0.023092216,0.023647733,0.033394855,11885.959,-0.310567080974579,-0.452261328697205,147.392187080975,53.7226663286972,19,,,
1,153.01962,260.668,6377.6855,2.0487897,2.021051,37.86913,0.040275313,0.03960194,0.01353912,7728.1675,-0.310567080974579,-0.452261328697205,153.330187080975,261.120261328697,20,,,
1,157.31104,171.22632,9858.877,2.2066867,2.1328092,18.75186,0.031812612,0.030648537,0.033478957,11010.252,-0.310567080974579,-0.452261328697205,157.621607080975,171.678581328697,21,,,
1,176.42679,240.19337,8239.082,2.163572,2.1165166,27.115643,0.03543885,0.034548454,0.021748979,9573.148,-0.310567080974579,-0.452261328697205,176.737357080975,240.645631328697,22,,,
1,191.0454,181.452,13448.282,2.3007302,2.2780826,-4.2073436,0.02634127,0.026092142,0.009843666,12393.818,-0.310567080974579,-0.452261328697205,191.355967080974,181.904261328697,23,,,
1,193.75626,175.60562,7155.276,1.9326254,1.9842914,88.10274,0.039740052,0.041208778,0.026037516,10436.679,-0.310567080974579,-0.452261328697205,194.066827080975,176.057881328697,24,,,
1,196.19743,47.643417,10682.489,2.1227984,2.238929,30.6562,0.030100208,0.03199131,0.05186881,9824.383,-0.310567080974579,-0.452261328697205,196.507997080974,48.0956783286972,25,,,
1,198.8111,98.25144,12698.402,2.4466252,2.3029387,4.6091785,0.029600123,0.027838962,0.05872846,11007.276,-0.310567080974579,-0.452261328697205,199.121667080975,98.7037013286972,26,,,
1,223.01247,116.18296,8170.9487,2.0448198,2.0169172,36.13342,0.034281872,0.033728547,0.013645506,11173.87,-0.310567080974579,-0.452261328697205,223.323037080975,116.635221328697,27,,,
1,229.25964,67.908676,11303.654,2.1688564,2.2423015,20.769049,0.029095395,0.03017609,0.032754328,10894.166,-0.310567080974579,-0.452261328697205,229.570207080975,68.3609373286972,28,,,
1,248.61528,78.48735,20982.398,2.0984251,2.2953866,22.523506,0.020150198,0.022142768,0.08580751,22933.227,-0.310567080974579,-0.452261328697205,248.925847080975,78.9396113286972,29,,,
1,249.2548,129.69241,9066.015,2.121773,2.1278229,22.47667,0.032305315,0.03240833,0.0028432214,10134.85,-0.310567080974579,-0.452261328697205,249.565367080975,130.144671328697,30,,,
1,249.94356,65.71204,12420.286,2.2577107,2.3104813,12.892398,0.028247064,0.02894426,0.022839664,12573.714,-0.310567080974579,-0.452261328697205,250.254127080975,66.1643013286972,31,,,
1,281.71667,79.68592,8940.732,2.1090038,2.10313,33.82446,0.033456583,0.03334735,0.0027850496,10659.432,-0.310567080974579,-0.452261328697205,282.027237080975,80.1381813286972,32,,,
1,286.492,87.98346,9629.65,2.2741404,2.266246,17.927822,0.033231676,0.033104423,0.0034713238,9470.325,-0.310567080974579,-0.452261328697205,286.802567080975,88.4357213286972,33,,,
2,4.0371737,207.2533,15506.636,2.335158,2.2573495,44.483017,0.027878724,0.026803983,0.033320494,15276.536,-0.30976215004921,-0.451135396957397,4.34693585004921,207.704435396957,0,20,4.34693585004921,207.704435396957
2,13.962844,5.0625086,12665.344,2.3059876,2.385265,-0.81408995,0.027466005,0.028391106,0.033236355,10727.767,-0.30976215004921,-0.451135396957397,14.2726061500492,5.5136439969574,1,,,
2,17.597298,145.46898,11005.282,2.2973354,2.322715,1.747099,0.029604757,0.029930647,0.010926721,9782.214,-0.30976215004921,-0.451135396957397,17.9070601500492,145.920115396957,2,,,
2,29.40311,230.90047,17835.752,2.8038192,2.9715838,22.24235,0.03004676,0.0320638,0.056456313,10320.077,-0.30976215004921,-0.451135396957397,29.7128721500492,231.351605396957,3,4412,29.7128721500492,231.351605396957
2,40.090847,107.62544,11379.051,2.4462116,2.3059368,31.067858,0.034203716,0.031931948,0.057343677,7499.5684,-0.30976215004921,-0.451135396957397,40.4006091500492,108.076575396957,4,,,
2,46.060863,101.59159,7928.969,2.0550594,2.0932999,51.79147,0.03673689,0.037602894,0.018268015,9839.769,-0.30976215004921,-0.451135396957397,46.3706251500492,102.042725396957,5,,,
2,60.130623,190.57582,9631.469,2.2875042,2.3347914,8.135112,0.032303493,0.033001326,0.020253297,9132.078,-0.30976215004921,-0.451135396957397,60.4403851500492,191.026955396957,6,,,
2,65.1999,227.65834,8999.755,2.3135958,2.1344893,23.567669,0.035915498,0.032769635,0.077414766,8809.634,-0.30976215004921,-0.451135396957397,65.5096621500492,228.109475396957,7,,,
2,73.56948,197.49782,16047.413,2.5565205,2.5029104,-20.272402,0.025428377,0.024970235,0.020969942,11922.845,-0.30976215004921,-0.451135396957397,73.8792421500492,197.948955396957,8,,,
2,75.38072,159.46661,9980.32,2.180013,2.2084394,11.810978,0.030513626,0.03093452,0.012871718,10613.2705,-0.30976215004921,-0.451135396957397,75.6904821500492,159.917745396957,9,677,75.6904821500492,159.917745396957
2,92.13195,133.02425,7267.533,2.200919,2.0221193,31.02,0.039543737,0.035743255,0.08123863,7914.6323,-0.30976215004921,-0.451135396957397,92.4417121500492,133.475385396957,10,,,
2,97.56997,223.69243,10117.157,2.194324,2.2179315,10.520695,0.030376375,0.030719563,0.010643923,10642.574,-0.30976215004921,-0.451135396957397,97.8797321500492,224.143565396957,11,,,
2,98.19671,85.09136,11326.458,2.3591785,2.1675265,13.896994,0.031201689,0.028508592,0.08123678,11686.963,-0.30976215004921,-0.451135396957397,98.5064721500492,85.5424953969574,12,,,
2,108.96757,173.97319,9518.468,2.1832688,2.2334692,22.8142,0.03247624,0.033317257,0.022476451,9506.21,-0.30976215004921,-0.451135396957397,109.277332150049,174.424325396957,13,3949,109.277332150049,174.424325396957
2,118.11536,145.27927,12523.169,2.3649971,2.3614094,-4.5515876,0.027970219,0.027929666,0.0015170093,11487.568,-0.30976215004921,-0.451135396957397,118.425122150049,145.730405396957,14,1090,118.425122150049,145.730405396957
2,128.05481,94.06523,17526.86,2.5403435,2.3786798,-13.685801,0.024802888,0.023354968,0.063638546,13425.495,-0.30976215004921,-0.451135396957397,128.364572150049,94.5163653969574,15,1213,128.364572150049,94.5163653969574
2,132.21555,199.17241,12138.22,2.480941,2.4469452,-18.78713,0.02808849,0.02776753,0.013702811,9884.044,-0.30976215004921,-0.451135396957397,132.525312150049,199.623545396957,16,,,
2,146.95726,53.278015,12979.554,2.3417053,2.373503,4.0570326,0.027950741,0.02833379,0.013396927,10244.177,-0.30976215004921,-0.451135396957397,147.267022150049,53.7291503969574,17,,,
2,153.03853,260.64786,6339.071,1.9928962,1.9649893,43.270542,0.03977691,0.039080866,0.014003186,7219.1724,-0.30976215004921,-0.451135396957397,153.348292150049,261.098995396957,18,,,
2,157.19794,171.32336,10166.808,2.3228314,2.093737,20.204113,0.033249192,0.029650377,0.09862726,9880.987,-0.30976215004921,-0.451135396957397,157.507702150049,171.774495396957,19,,,
2,162.69115,23.36192,1763.2664,1.6725398,1.8415297,57.725464,0.0823212,0.09558547,0.091766044,3293.0913,-0.30976215004921,-0.451135396957397,163.000912150049,23.8130553969574,20,,,
2,176.52374,240.21779,6555.4673,1.9665349,1.9227965,46.443344,0.03866883,0.037595525,0.022241337,9701.831,-0.30976215004921,-0.451135396957397,176.833502150049,240.668925396957,21,,,
2,191.01828,181.64821,12324.721,2.3728046,2.181924,11.297615,0.029751798,0.02725076,0.08044511,9958.912,-0.30976215004921,-0.451135396957397,191.328042150049,182.099345396957,22,,,
2,193.922,175.59981,6728.0083,1.8377655,1.8805451,101.073586,0.039831482,0.041131295,0.022748554,9600.214,-0.30976215004921,-0.451135396957397,194.231762150049,176.050945396957,23,,,
2,196.25975,47.562794,9867.175,2.0853007,2.1093032,42.51735,0.03184417,0.03228152,0.011379375,9787.098,-0.30976215004921,-0.451135396957397,196.569512150049,48.0139293969574,24,,,
2,198.73332,98.27617,10106.688,2.1682668,2.254373,39.674557,0.032636184,0.034192055,0.03819523,8886.171,-0.30976215004921,-0.451135396957397,199.043082150049,98.7273053969574,25,,,
2,222.00179,84.69381,4309.4663,2.1899269,2.3066435,51.924488,0.06070902,0.06543179,0.0506002,4009.8862,-0.30976215004921,-0.451135396957397,222.311552150049,85.1449453969574,26,,,
2,223.09152,116.1622,8543.473,2.1699533,2.1144288,34.018436,0.03558283,0.034504976,0.025587918,10296.196,-0.30976215004921,-0.451135396957397,223.401282150049,116.613335396957,27,,,
2,228.98462,91.91599,9453.783,2.220539,2.32976,23.75229,0.033329148,0.03520269,0.046880785,9609.172,-0.30976215004921,-0.451135396957397,229.294382150049,92.3671253969574,28,,,
2,229.26497,67.904465,8974.392,2.0673506,1.9956315,57.55778,0.03470099,0.033201665,0.03469134,11016.796,-0.30976215004921,-0.451135396957397,229.574732150049,68.3556003969574,29,,,
2,236.68858,71.43739,9053.987,2.4187338,2.2989595,48.975876,0.04115514,0.03856034,0.04951944,8125.394,-0.30976215004921,-0.451135396957397,236.998342150049,71.8885253969574,30,,,
2,248.58522,78.47762,21691.807,2.084499,2.2208753,17.023346,0.019513391,0.02083111,0.06140659,24079.744,-0.30976215004921,-0.451135396957397,248.894982150049,78.9287553969574,31,,,
2,249.21216,129.76767,9131.558,2.156281,2.1753294,25.643263,0.033084016,0.03341713,0.008756583,8778.043,-0.30976215004921,-0.451135396957397,249.521922150049,130.218805396957,32,,,
2,249.90038,65.67423,13929.519,2.4238193,2.375566,9.279335,0.028339002,0.027754098,0.01990796,12415.998,-0.30976215004921,-0.451135396957397,250.210142150049,66.1253653969574,33,,,
2,281.7112,79.6138,11238.306,2.2571557,2.3839495,13.856,0.02988387,0.03168426,0.053186473,10169.011,-0.30976215004921,-0.451135396957397,282.020962150049,80.0649353969574,34,,,
2,286.56625,88.090195,8327.825,2.1961422,2.1098363,29.397915,0.03610876,0.034454744,0.039298847,8352.381,-0.30976215004921,-0.451135396957397,286.876012150049,88.5413303969574,35,,,
2,288.86768,243.25499,7758.1367,2.3443494,2.3340766,9.234323,0.037396915,0.03722173,0.0043819156,6915.6323,-0.30976215004921,-0.451135396957397,289.177442150049,243.706125396957,36,,,
3,3.99143,207.23962,13685.833,2.1905212,2.2251751,60.38998,0.028761813,0.02931579,0.015573561,14608.746,-0.308958053588867,-0.450010359287262,4.30038805358887,207.689630359287,0,26,4.30038805358887,207.689630359287
3,14.0491,5.045889,11739.951,2.3681817,2.3059952,10.832182,0.030428074,0.029588558,0.026259167,10242.192,-0.308958053588867,-0.450010359287262,14.3580580535889,5.49589935928726,1,,,
3,17.593904,145.42235,9272.083,2.2969582,2.14958,18.22146,0.034359463,0.03193424,0.06416234,9799.329,-0.308958053588867,-0.450010359287262,17.9028620535889,145.872360359287,2,,,
3,29.455297,231.04915,9777.942,2.374914,2.3550541,88.07052,0.042415116,0.04191984,0.00836232,9714.961,-0.308958053588867,-0.450010359287262,29.7642550535889,231.499160359287,3,4412,29.7642550535889,231.499160359287
3,40.028236,107.59902,13362.205,2.367304,2.502615,4.2582884,0.02785819,0.029470365,0.0540678,10789.341,-0.308958053588867,-0.450010359287262,40.3371940535889,108.049030359287,4,,,
3,46.027912,101.514824,8905.3545,2.108569,2.1779072,45.578205,0.034648724,0.03605598,0.03183713,9462.367,-0.308958053588867,-0.450010359287262,46.3368700535889,101.964834359287,5,,,
3,60.26348,190.574,8704.677,2.2559085,2.1962483,22.414322,0.035430104,0.034367725,0.026446195,8680.247,-0.308958053588867,-0.450010359287262,60.5724380535889,191.024010359287,6,,,
3,65.32918,227.61444,9609.569,2.1346693,1.9952837,28.024681,0.03197897,0.02963002,0.0652961,11752.871,-0.308958053588867,-0.450010359287262,65.6381380535889,228.064450359287,7,,,
3,73.52869,197.46695,13928.974,2.4450295,2.3687603,-5.2785273,0.027359027,0.026544463,0.03119355,12022.343,-0.308958053588867,-0.450010359287262,73.8376480535889,197.916960359287,8,,,
3,75.39079,159.44989,8284.667,2.101068,1.9669255,34.662945,0.03495641,0.032346953,0.06384492,10280.78,-0.308958053588867,-0.450010359287262,75.6997480535889,159.899900359287,9,677,75.6997480535889,159.899900359287
3,92.04558,133.05574,9092.282,2.113875,2.1605659,28.173656,0.03267196,0.03350198,0.021610515,11097.056,-0.308958053588867,-0.450010359287262,92.3545380535889,133.505750359287,10,,,
3,97.648,223.65932,9741.06,2.2278633,2.089623,18.751587,0.032365717,0.030173846,0.062050637,11095.508,-0.308958053588867,-0.450010359287262,97.9569580535889,224.109330359287,11,,,
3,98.21251,85.12547,9928.79,2.206434,2.0758667,28.967888,0.032675568,0.030479407,0.059175715,10624.833,-0.308958053588867,-0.450010359287262,98.5214680535889,85.5754803592873,12,,,
3,108.95773,174.06499,10091.007,2.2638428,2.2549164,12.168659,0.03160767,0.031475093,0.003943026,9260.404,-0.308958053588867,-0.450010359287262,109.266688053589,174.515000359287,13,,,
3,117.88788,167.3716,5390.3647,2.158728,2.0554981,37.88882,0.04797723,0.045047563,0.04781972,6197.6685,-0.308958053588867,-0.450010359287262,118.196838053589,167.821610359287,14,3949,118.196838053589,167.821610359287
3,118.09818,145.25803,8675.715,2.1345675,2.0593987,35.028645,0.034677528,0.03323968,0.035215024,8648.671,-0.308958053588867,-0.450010359287262,118.407138053589,145.708040359287,15,1090,118.407138053589,145.708040359287
3,128.08203,94.01863,16826.232,2.5631723,2.4139261,1.107591,0.026595026,0.025057849,0.058227148,11141.498,-0.308958053588867,-0.450010359287262,128.390988053589,94.4686403592873,16,1213,128.390988053589,94.4686403592873
3,132.2475,199.15367,9372.375,2.2167656,2.1751125,8.395661,0.03174756,0.031127099,0.018790059,10175.784,-0.308958053588867,-0.450010359287262,132.556458053589,199.603680359287,17,,,
3,135.28712,236.06827,5514.245,2.139712,1.9803189,33.365116,0.045850046,0.04163591,0.07449282,5232.4395,-0.308958053588867,-0.450010359287262,135.596078053589,236.518280359287,18,,,
3,147.08345,53.1592,5689.3574,2.3235147,2.5676265,31.350979,0.049442522,0.056311827,0.09507293,3893.8833,-0.308958053588867,-0.450010359287262,147.392408053589,53.6092103592873,19,,,
3,152.94612,260.69727,7563.055,1.9935524,2.1197166,31.558298,0.03438129,0.03696197,0.05951937,8884.202,-0.308958053588867,-0.450010359287262,153.255078053589,261.147280359287,20,,,
3,157.2033,171.30772,7960.1245,1.983568,1.9945793,40.502087,0.034009915,0.034236576,0.0055206437,9180.245,-0.308958053588867,-0.450010359287262,157.512258053589,171.757730359287,21,,,
3,176.41695,240.1877,8046.0337,2.137896,2.1499171,21.247173,0.034741133,0.03496161,0.0055914083,9403.498,-0.308958053588867,-0.450010359287262,176.725908053589,240.637710359287,22,,,
3,190.96713,181.53856,12880.761,2.2580407,2.2738223,1.0343477,0.026822165,0.027007712,0.006940578,12435.46,-0.308958053588867,-0.450010359287262,191.276088053589,181.988570359287,23,3984,191.276088053589,181.988570359287
3,193.7415,175.51909,6560.6406,1.7996893,1.941029,96.51465,0.039016012,0.043350313,0.07281687,10554.481,-0.308958053588867,-0.450010359287262,194.050458053589,175.969100359287,24,,,
3,198.69897,98.140396,13397.944,2.40366,2.357072,-4.086161,0.02753243,0.0270197,0.019382086,10519.895,-0.308958053588867,-0.450010359287262,199.007928053589,98.5904063592873,25,,,
3,199.47733,162.80132,1836.088,1.3686465,1.5163574,64.831345,0.061192747,0.07106965,0.09741168,4782.9224,-0.308958053588867,-0.450010359287262,199.786288053589,163.251330359287,26,,,
3,221.77995,84.65852,16768.697,2.4959726,2.4989126,-17.791758,0.02461566,0.024641274,0.0011764875,12438.592,-0.308958053588867,-0.450010359287262,222.088908053589,85.1085303592873,27,,,
3,223.06998,116.16185,10630.573,2.3159432,2.2408893,14.853007,0.0317633,0.030656021,0.0324075,9996.401,-0.308958053588867,-0.450010359287262,223.378938053589,116.611860359287,28,,,
3,228.96133,91.81067,10947.045,2.1064677,2.2950268,37.466644,0.02991152,0.03307344,0.08215985,11457.388,-0.308958053588867,-0.450010359287262,229.270288053589,92.2606803592873,29,,,
3,229.17807,67.94722,9820.987,2.1607714,2.0010026,45.18674,0.033558328,0.030603798,0.07394064,10765.134,-0.308958053588867,-0.450010359287262,229.487028053589,68.3972303592873,30,,,
3,248.61166,78.43731,21519.27,2.1399431,2.2096417,29.20886,0.020485722,0.021197572,0.03154293,23716.752,-0.308958053588867,-0.450010359287262,248.920618053589,78.8873203592873,31,,,
3,249.2437,129.73697,9069.499,2.0913198,2.0638208,28.495754,0.032351084,0.031865988,0.013149094,10534.953,-0.308958053588867,-0.450010359287262,249.552658053589,130.186980359287,32,,,
3,249.89148,65.76387,12895.403,2.3198924,2.396887,10.241572,0.028278574,0.029259069,0.032122772,11755.96,-0.308958053588867,-0.450010359287262,250.200438053589,66.2138803592873,33,,,
3,281.56897,79.606674,10616.418,2.1578467,2.200428,10.597177,0.02909918,0.029699786,0.01935138,11126.307,-0.308958053588867,-0.450010359287262,281.877928053589,80.0566843592873,34,,,
3,288.8129,243.14613,5056.259,2.0201135,1.929845,34.91618,0.045379914,0.042853307,0.04468486,6718.954,-0.308958053588867,-0.450010359287262,289.121858053589,243.596140359287,35,,,
4,3.9124146,207.17143,14709.816,2.2080946,2.3241062,54.891243,0.027497634,0.02923483,0.04991666,15400.684,-0.308154731988907,-0.448886275291443,4.22056933198891,207.620316275291,0,26,4.22056933198891,207.620316275291
4,14.011144,5.087806,11110.903,2.228558,2.282912,12.932459,0.029582467,0.03034858,0.023809044,11657.99,-0.308154731988907,-0.448886275291443,14.3192987319889,5.53669227529144,1,,,
4,17.622137,145.38431,7803.91,2.0065787,2.0859575,38.414124,0.03469812,0.03635887,0.03805391,9497.37,-0.308154731988907,-0.448886275291443,17.9302917319889,145.833196275291,2,,,
4,29.252708,230.83957,8856.254,2.1768632,2.439791,109.85638,0.042266905,0.04994109,0.10776652,9766.137,-0.308154731988907,-0.448886275291443,29.5608627319889,231.288456275291,3,4412,29.5608627319889,231.288456275291
4,39.933586,107.6244,10964.753,2.3080626,2.2805116,25.619013,0.032155994,0.031721763,0.011936824,9336.393,-0.308154731988907,-0.448886275291443,40.2417407319889,108.073286275291,4,,,
4,46.024284,101.48015,9196.9795,2.2690406,2.2152286,42.514744,0.03683893,0.03576731,0.023715762,8674.501,-0.308154731988907,-0.448886275291443,46.3324387319889,101.929036275291,5,,,
4,60.215492,190.55772,6835.6216,2.016376,2.018899,44.02051,0.038557664,0.038617928,0.001249664,7533.5063,-0.308154731988907,-0.448886275291443,60.5236467319889,191.006606275291,6,,,
4,65.35039,227.67271,12251.527,2.3098536,2.2492557,-6.491676,0.027466,0.026785512,0.026234519,11805.322,-0.308154731988907,-0.448886275291443,65.6585447319889,228.121596275291,7,,,
4,73.51276,197.51122,18683.773,2.751089,2.5752132,-47.346798,0.022988942,0.02202803,0.06392956,11999.907,-0.308154731988907,-0.448886275291443,73.8209147319889,197.960106275291,8,,,
4,75.42762,159.4432,10219.135,2.1530347,2.1236575,13.4914665,0.029886901,0.029454567,0.013644565,11396.205,-0.308154731988907,-0.448886275291443,75.7357747319889,159.892086275291,9,677,75.7357747319889,159.892086275291
4,92.193504,133.11288,7810.892,2.287522,2.3458292,8.256441,0.036139667,0.03711579,0.024855675,7315.475,-0.308154731988907,-0.448886275291443,92.5016587319889,133.561766275291,10,,,
4,97.61413,223.69473,8693.353,2.056675,2.126609,26.712654,0.03236234,0.033620346,0.032885276,10378.63,-0.308154731988907,-0.448886275291443,97.9222847319889,224.143616275291,11,,,
4,98.17483,84.97404,9898.587,2.1238854,2.130025,29.962376,0.03142188,0.031525776,0.0028823686,10626.539,-0.308154731988907,-0.448886275291443,98.4829847319889,85.4229262752915,12,,,
4,109.03376,174.00883,9450.226,2.214861,2.1343758,24.679531,0.033337463,0.031970736,0.036338672,9581.201,-0.308154731988907,-0.448886275291443,109.341914731989,174.457716275291,13,,,
4,117.886055,167.29323,10352.614,2.211819,2.218625,14.998203,0.030683344,0.030784806,0.0030677265,11147.046,-0.308154731988907,-0.448886275291443,118.194209731989,167.742116275291,14,3949,118.194209731989,167.742116275291
4,118.11234,145.36617,10231.602,2.3037174,2.1872692,15.306414,0.03230149,0.030541865,0.05054794,9712.754,-0.308154731988907,-0.448886275291443,118.420494731989,145.815056275291,15,1090,118.420494731989,145.815056275291
4,128.0966,94.00734,16114.46,2.5576468,2.3457396,-5.5401006,0.02659581,0.024484871,0.08285239,12192.918,-0.308154731988907,-0.448886275291443,128.404754731989,94.4562262752914,16,1213,128.404754731989,94.4562262752914
4,132.175,199.19518,10151.935,2.3064725,2.3490958,2.5564544,0.031054534,0.0316306,0.018144548,8920.045,-0.308154731988907,-0.448886275291443,132.483154731989,199.644066275291,17,,,
4,135.20511,236.14961,9287.455,2.280853,2.0991602,14.367011,0.033596285,0.030721515,0.079660036,9500.135,-0.308154731988907,-0.448886275291443,135.513264731989,236.598496275291,18,,,
4,152.98047,260.69043,8103.38,2.122201,2.0948873,16.172262,0.03371329,0.033239394,0.012870464,9734.838,-0.308154731988907,-0.448886275291443,153.288624731989,261.139316275291,19,,,
4,157.23448,171.25566,10169.627,2.2632043,2.094355,18.40381,0.032111667,0.029507628,0.07460627,10556.378,-0.308154731988907,-0.448886275291443,157.542634731989,171.704546275291,20,,,
4,176.49806,240.18597,6968.2407,2.0940957,1.893714,39.379272,0.039332572,0.034794193,0.09568892,8749.123,-0.308154731988907,-0.448886275291443,176.806214731989,240.634856275291,21,,,
4,191.04938,181.36716,10765.598,2.274501,2.2458766,26.42802,0.032037888,0.031580985,0.012584973,8840.831,-0.308154731988907,-0.448886275291443,191.357534731989,181.816046275291,22,3984,191.357534731989,181.816046275291
4,193.7852,175.56488,7061.888,1.8386956,1.9854732,90.080215,0.037641004,0.041820977,0.07392571,10699.659,-0.308154731988907,-0.448886275291443,194.093354731989,176.013766275291,23,,,
4,198.80371,98.18075,12478.401,2.2855382,2.2707114,5.294054,0.027931144,0.027747354,0.0064872135,12547.959,-0.308154731988907,-0.448886275291443,199.111864731989,98.6296362752914,24,,,
4,199.31888,162.8017,3540.5007,1.4551376,1.7072502,57.94796,0.04083846,0.05049441,0.14767174,7545.295,-0.308154731988907,-0.448886275291443,199.627034731989,163.250586275291,25,,,
4,214.3733,268.95715,8386.958,2.3040893,2.2293062,11.421108,0.035519317,0.03428278,0.032456677,8552.127,-0.308154731988907,-0.448886275291443,214.681454731989,269.406036275291,26,,,
4,221.87537,84.7892,18036.17,2.5713303,2.5356908,-30.826498,0.02351938,0.023258254,0.013860345,13524.147,-0.308154731988907,-0.448886275291443,222.183524731989,85.2380862752914,27,,,
4,223.0432,116.17377,10953.896,2.3893807,2.184184,15.06133,0.032341126,0.029361807,0.08587858,11221.842,-0.308154731988907,-0.448886275291443,223.351354731989,116.622656275291,28,,,
4,228.98022,91.94508,12217.952,2.2903585,2.2653658,12.939348,0.028935725,0.028602336,0.010912136,10880.826,-0.308154731988907,-0.448886275291443,229.288374731989,92.3939662752914,29,,,
4,229.22943,67.94933,11404.147,2.1498942,2.2917845,25.893621,0.029056914,0.031212425,0.061912578,11244.627,-0.308154731988907,-0.448886275291443,229.537584731989,68.3982162752915,30,,,
4,248.57098,78.469185,22897.664,2.1713898,2.3530385,8.937052,0.019555086,0.021210343,0.077197514,23276.357,-0.308154731988907,-0.448886275291443,248.879134731989,78.9180712752914,31,,,
4,249.24069,129.71295,8389.638,2.1251607,2.206165,29.602997,0.03461654,0.036167257,0.03671728,9170.135,-0.308154731988907,-0.448886275291443,249.548844731989,130.161836275291,32,,,
4,249.92244,65.759895,7860.4043,1.9211544,1.9809135,69.06532,0.035408698,0.03684416,0.030167466,9923.324,-0.308154731988907,-0.448886275291443,250.230594731989,66.2087812752914,33,,,
4,281.5316,79.7005,13300.134,2.4933128,2.44556,-14.480979,0.027575916,0.02710915,0.019152373,10603.577,-0.308154731988907,-0.448886275291443,281.839754731989,80.1493862752914,34,,,
4,288.72723,243.23811,6319.6533,2.1322684,2.0970051,22.114618,0.040009387,0.039241403,0.016537927,6989.707,-0.308154731988907,-0.448886275291443,289.035384731989,243.686996275291,35,,,
5,3.9065664,207.21536,14267.616,2.2320213,2.267059,54.797585,0.028367633,0.028902195,0.0154551575,15611.845,-0.307352185249329,-0.447763115167618,4.21391858524933,207.663123115168,0,26,4.21391858524933,207.663123115168
5,13.977651,5.101611,11465.465,2.227203,2.2808838,10.558763,0.028868942,0.029597044,0.02353513,10792.925,-0.307352185249329,-0.447763115167618,14.2850031852493,5.54937411516762,1,,,
5,17.598757,145.43524,7800.817,2.0050802,2.050253,35.368404,0.034368683,0.035290334,0.022032741,9745.763,-0.307352185249329,-0.447763115167618,17.9061091852493,145.883003115168,2,,,
5,29.359816,230.87944,15004.81,2.555601,2.8530471,50.248642,0.032079414,0.036791213,0.10425564,10501.258,-0.307352185249329,-0.447763115167618,29.6671681852493,231.327203115168,3,4412,29.6671681852493,231.327203115168
5,40.084137,107.64664,15348.478,2.6821735,2.5150847,-10.670337,0.027975589,0.02637382,0.062296025,9795.045,-0.307352185249329,-0.447763115167618,40.3914891852493,108.094403115168,4,,,
5,46.12133,101.51719,10992.204,2.4583216,2.2853174,27.831375,0.034758743,0.031955086,0.070374906,8505.248,-0.307352185249329,-0.447763115167618,46.4286821852493,101.964953115168,5,,,
5,60.272026,190.5308,8967.974,2.3018048,2.2726448,17.823927,0.03504503,0.034551606,0.01266833,8131.722,-0.307352185249329,-0.447763115167618,60.5793781852493,190.978563115168,6,,,
5,73.40614,197.50398,11400.291,2.288181,2.166275,29.097723,0.031443115,0.029548997,0.053276397,9281.584,-0.307352185249329,-0.447763115167618,73.7134921852493,197.951743115168,7,,,
5,75.349884,159.4157,10825.599,2.2233953,2.201525,8.8211565,0.029551746,0.02925048,0.009836476,11096.109,-0.307352185249329,-0.447763115167618,75.6572361852493,159.863463115168,8,677,75.6572361852493,159.863463115168
5,97.63161,223.69037,8890.048,2.180769,2.033959,22.263708,0.0336672,0.031145722,0.06732032,10536.771,-0.307352185249329,-0.447763115167618,97.9389621852493,224.138133115168,9,,,
5,98.16166,85.053795,15856.12,2.5544384,2.566988,-32.792778,0.02444948,0.02453946,0.0048888577,11587.827,-0.307352185249329,-0.447763115167618,98.4690121852493,85.5015581151676,10,,,
5,108.985435,173.96883,15045.487,2.601246,2.4948018,-35.591187,0.02497935,0.024250258,0.040920526,11165.278,-0.307352185249329,-0.447763115167618,109.292787185249,174.416593115168,11,,,
5,117.92672,167.23137,9007.428,2.1243484,2.097399,35.119503,0.033718806,0.033215445,0.012685963,11212.491,-0.307352185249329,-0.447763115167618,118.234072185249,167.679133115168,12,3949,118.234072185249,167.679133115168
5,117.99421,145.29073,9856.107,2.1580596,2.2041533,19.887413,0.031156024,0.03189016,0.020912204,9809.672,-0.307352185249329,-0.447763115167618,118.301562185249,145.738493115168,13,1090,118.301562185249,145.738493115168
5,128.11467,93.99409,18253.771,2.6015968,2.462461,-19.097775,0.02448821,0.023329036,0.053480938,10960.064,-0.307352185249329,-0.447763115167618,128.422022185249,94.4418531151676,14,1213,128.422022185249,94.4418531151676
5,132.20898,199.19746,9518.621,2.3030958,2.1667821,8.447765,0.032775726,0.030756045,0.05918715,9189.026,-0.307352185249329,-0.447763115167618,132.516332185249,199.645223115168,15,,,
5,135.13377,236.17564,8096.8467,2.0280666,2.0476348,27.674454,0.033289682,0.03365833,0.009556492,8314.213,-0.307352185249329,-0.447763115167618,135.441122185249,236.623403115168,16,,,
5,152.96877,260.6875,9528.363,2.374734,2.3137596,-2.8623483,0.032276563,0.031479612,0.025676291,8770.12,-0.307352185249329,-0.447763115167618,153.276122185249,261.135263115168,17,,,
5,157.20432,171.19614,14755.233,2.5944538,2.4820898,-28.32879,0.025868585,0.024996327,0.043309327,11201.92,-0.307352185249329,-0.447763115167618,157.511672185249,171.643903115168,18,,,
5,176.58801,240.11905,8678.108,2.2729013,2.1077778,13.885923,0.03468547,0.031970754,0.07264876,9244.769,-0.307352185249329,-0.447763115167618,176.895362185249,240.566813115168,19,,,
5,190.93132,181.4909,13600.399,2.470026,2.2772124,-4.40149,0.028027067,0.025925633,0.07806138,10698.057,-0.307352185249329,-0.447763115167618,191.238672185249,181.938663115168,20,3984,191.238672185249,181.938663115168
5,193.88644,175.58742,5778.508,1.8557829,1.7393097,105.77845,0.045560252,0.041541386,0.0627623,8957.923,-0.307352185249329,-0.447763115167618,194.193792185249,176.035183115168,21,,,
5,198.78401,98.16733,12727.55,2.4618273,2.410389,6.3343964,0.029921202,0.02927981,0.020894371,9798.363,-0.307352185249329,-0.447763115167618,199.091362185249,98.6150931151676,22,,,
5,199.18738,162.82248,3888.1294,1.6622692,1.6941535,51.51244,0.044669665,0.045798104,0.018820202,7339.557,-0.307352185249329,-0.447763115167618,199.494732185249,163.270243115168,23,,,
5,214.45798,268.893,8043.4385,2.1739008,2.1345954,12.754381,0.03431512,0.03364773,0.018080607,8939.94,-0.307352185249329,-0.447763115167618,214.765332185249,269.340763115168,24,,,
5,221.83556,84.64425,19214.924,2.6210873,2.7032874,-35.19823,0.022967152,0.023514695,0.03040744,11955.295,-0.307352185249329,-0.447763115167618,222.142912185249,85.0920131151676,25,,,
5,223.00778,116.163376,11920.467,2.4093695,2.2495646,-4.8448744,0.029128393,0.027284915,0.06632641,11282.437,-0.307352185249329,-0.447763115167618,223.315132185249,116.611139115168,26,,,
5,228.99092,91.78202,14554.967,2.3516715,2.4419978,-10.983173,0.025389118,0.026285272,0.036988694,12615.287,-0.307352185249329,-0.447763115167618,229.298272185249,92.2297831151676,27,,,
5,229.19894,67.8549,9640.484,2.092252,2.0371335,42.298386,0.032407254,0.031394634,0.026344132,11509.985,-0.307352185249329,-0.447763115167618,229.506292185249,68.3026631151676,28,,,
5,248.56682,78.44705,20885.66,2.067942,2.2421715,28.469734,0.020056788,0.021860028,0.07770575,23532.271,-0.307352185249329,-0.447763115167618,248.874172185249,78.8948131151676,29,,,
5,249.33884,129.6767,10518.149,2.2985754,2.3144896,9.119071,0.031092785,0.031317938,0.006875901,9810.31,-0.307352185249329,-0.447763115167618,249.646192185249,130.124463115168,30,,,
5,249.95259,65.70613,10167.289,2.1794555,2.1618927,41.458317,0.03287245,0.03255604,0.008058373,11890.487,-0.307352185249329,-0.447763115167618,250.259942185249,66.1538931151676,31,,,
5,281.73785,79.652054,9431.046,2.0706012,2.1403725,29.716627,0.031373575,0.032587953,0.03259773,10966.133,-0.307352185249329,-0.447763115167618,282.045202185249,80.0998171151676,32,,,
5,288.92224,243.12567,3650.7144,1.8009604,1.866412,46.533623,0.050904065,0.05341643,0.03506815,5848.497,-0.307352185249329,-0.447763115167618,289.229592185249,243.573433115168,33,,,
6,3.7831516,207.18254,12416.851,2.17198,2.0711272,84.76359,0.031714667,0.029838037,0.046433546,13078.944,-0.306550413370132,-0.446640908718109,4.08970201337013,207.629180908718,0,26,4.08970201337013,207.629180908718
6,14.02652,5.1267505,8618.467,2.0216727,2.2055054,41.120804,0.033200465,0.036893807,0.08335171,10828.645,-0.306550413370132,-0.446640908718109,14.3330704133701,5.57339140871811,1,,,
6,17.69192,145.45038,8490.603,2.1432846,2.0337749,30.955673,0.03486184,0.03279713,0.05109434,10458.339,-0.306550413370132,-0.446640908718109,17.9984704133701,145.897020908718,2,,,
6,29.487852,231.02916,8980.011,2.1907942,2.2597198,99.87303,0.041337922,0.043194078,0.030501842,10355.731,-0.306550413370132,-0.446640908718109,29.7944024133701,231.475800908718,3,4412,29.7944024133701,231.475800908718
6,39.93976,107.668236,11644.529,2.22036,2.4532154,27.218843,0.029869525,0.033456836,0.094918415,9595.275,-0.306550413370132,-0.446640908718109,40.2463104133701,108.114876908718,4,,,
6,46.063652,101.45942,8823.633,2.2111757,2.185319,41.732933,0.03653763,0.036014408,0.011693658,8719.497,-0.306550413370132,-0.446640908718109,46.3702024133701,101.906060908718,5,,,
6,60.23998,190.55914,8865.272,2.1845756,2.1704314,17.265364,0.03322507,0.032988954,0.0064745676,9731.048,-0.306550413370132,-0.446640908718109,60.5465304133701,191.005780908718,6,,,
6,73.484726,197.58128,18759.484,2.7406974,2.563924,-52.239265,0.022461992,0.021576254,0.06449939,11981.74,-0.306550413370132,-0.446640908718109,73.7912764133701,198.027920908718,7,,,
6,75.42381,159.48546,9760.059,2.1419094,2.1479182,28.546103,0.031861674,0.031963732,0.0027975289,10833.613,-0.306550413370132,-0.446640908718109,75.7303604133701,159.932100908718,8,677,75.7303604133701,159.932100908718
6,97.609474,223.69598,3211.2007,1.9198619,2.25742,42.009697,0.059509087,0.074926145,0.14953272,3810.8928,-0.306550413370132,-0.446640908718109,97.9160244133701,224.142620908718,9,,,
6,98.14897,85.000595,15842.3,2.5603833,2.5791373,-30.101265,0.024741512,0.024881177,0.007271426,11585.019,-0.306550413370132,-0.446640908718109,98.4555204133701,85.4472359087181,10,,,
6,109.034615,174.06497,10646.348,2.3325884,2.31976,10.999197,0.03157381,0.031390123,0.00549962,9192.289,-0.306550413370132,-0.446640908718109,109.34116541337,174.511610908718,11,,,
6,117.84605,167.22113,8788.737,2.0915086,2.1709576,37.938824,0.03386753,0.035414647,0.036596265,9152.636,-0.306550413370132,-0.446640908718109,118.15260041337,167.667770908718,12,3949,118.15260041337,167.667770908718
6,118.08468,145.3677,8783.49,2.0084257,2.2058268,38.045033,0.032301452,0.036128033,0.08949073,9036.77,-0.306550413370132,-0.446640908718109,118.39123041337,145.814340908718,13,1090,118.39123041337,145.814340908718
6,128.01984,94.02781,19678.955,2.6267052,2.5950005,-25.00964,0.023487994,0.023247328,0.012070127,12857.142,-0.306550413370132,-0.446640908718109,128.32639041337,94.4744509087181,14,1213,128.32639041337,94.4744509087181
6,132.24873,199.04565,8444.52,2.1694593,2.1689277,23.331745,0.03459844,0.03458879,0.00024507186,9625.168,-0.306550413370132,-0.446640908718109,132.55528041337,199.492290908718,15,,,
6,135.28146,236.17621,10777.653,2.4036977,2.3959823,1.3680861,0.031256337,0.031156413,0.003209831,9649.821,-0.306550413370132,-0.446640908718109,135.58801041337,236.622850908718,16,,,
6,153.00325,260.6213,7907.1743,2.1475155,2.0052142,23.625074,0.035566352,0.03290475,0.066263236,8652.703,-0.306550413370132,-0.446640908718109,153.30980041337,261.067940908718,17,,,
6,157.28358,171.26729,12576.351,2.4234996,2.3790197,-6.995598,0.028329968,0.027841855,0.018353561,10198.1,-0.306550413370132,-0.446640908718109,157.59013041337,171.713930908718,18,,,
6,190.97737,181.4458,14939.469,2.5421069,2.4264898,-12.532194,0.026804073,0.025695257,0.04548079,10538.3955,-0.306550413370132,-0.446640908718109,191.28392041337,181.892440908718,19,3984,191.28392041337,181.892440908718
6,193.78094,175.48694,9382.556,1.9851816,2.2292001,59.736595,0.0322289,0.03731963,0.10946462,10882.259,-0.306550413370132,-0.446640908718109,194.08749041337,175.933580908718,20,,,
6,198.82298,98.23016,11333.759,2.386889,2.1488187,18.872965,0.032095335,0.028617155,0.09974081,10322.382,-0.306550413370132,-0.446640908718109,199.12953041337,98.6768009087181,21,,,
6,199.26476,162.82877,3467.4502,1.5380262,1.6561677,59.45916,0.044731416,0.049414523,0.07133428,7387.3843,-0.306550413370132,-0.446640908718109,199.57131041337,163.275410908718,22,,,
6,214.57558,268.88852,4194.2505,2.1182547,2.1128051,29.661379,0.053125694,0.052949578,0.0025726527,5012.4746,-0.306550413370132,-0.446640908718109,214.88213041337,269.335160908718,23,,,
6,221.80107,84.71192,14149.347,2.283017,2.4454956,8.932616,0.026396826,0.02833917,0.066439986,12641.464,-0.306550413370132,-0.446640908718109,222.10762041337,85.1585609087181,24,,,
6,222.98746,116.22078,8682.7,2.0949812,2.0167305,32.47149,0.03364837,0.032191668,0.037351478,10643.384,-0.306550413370132,-0.446640908718109,223.29401041337,116.667420908718,25,,,
6,228.93959,91.80576,14891.592,2.3074365,2.397238,-12.800101,0.024559014,0.025430193,0.037460424,13636.008,-0.306550413370132,-0.446640908718109,229.24614041337,92.2524009087181,26,,,
6,248.56284,78.53308,23388.297,2.1849837,2.247654,-8.636717,0.018970018,0.019490397,0.027882509,23799.656,-0.306550413370132,-0.446640908718109,248.86939041337,78.9797209087181,27,,,
6,249.2541,129.68974,8488.76,2.0706558,2.1891022,32.535442,0.033648122,0.035927758,0.054107275,8467.481,-0.306550413370132,-0.446640908718109,249.56065041337,130.136380908718,28,,,
6,250.03035,65.734825,11799.361,2.270458,2.266049,21.603176,0.029937468,0.029873447,0.0019419319,12057.826,-0.306550413370132,-0.446640908718109,250.33690041337,66.1814659087181,29,,,
6,281.6827,79.6967,12025.795,2.3805299,2.3522732,-7.50421,0.02840671,0.028091881,0.011869901,9919.594,-0.306550413370132,-0.446640908718109,281.98925041337,80.1433409087181,30,,,
6,288.86273,243.21933,4189.1245,1.9015142,1.7604998,45.48853,0.049610905,0.044839483,0.074158974,7236.9253,-0.306550413370132,-0.446640908718109,289.16928041337,243.665970908718,31,,,
7,3.9450307,207.17874,13043.936,2.161985,2.1913414,79.09547,0.030213453,0.030735463,0.01339658,15774.533,-0.305749446153641,-0.445519626140595,4.25078014615364,207.624259626141,0,26,4.25078014615364,207.624259626141
7,14.049928,5.0167446,12321.209,2.5068195,2.381916,2.5967462,0.03059686,0.02906684,0.049825463,9310.928,-0.305749446153641,-0.445519626140595,14.3556774461536,5.46226422614059,1,,,
7,17.564955,145.42398,8835.015,2.1488116,2.1673205,21.99835,0.033202242,0.033523552,0.008539997,9270.058,-0.305749446153641,-0.445519626140595,17.8707044461536,145.869499626141,2,,,
7,29.259727,230.87648,9192.275,2.2021632,2.2884917,99.00152,0.040872205,0.0431574,0.037722882,10745.037,-0.305749446153641,-0.445519626140595,29.5654764461536,231.32199962614,3,4412,29.5654764461536,231.32199962614
7,39.9167,107.635185,13765.332,2.49053,2.4940412,-4.585515,0.028067887,0.02810574,0.0014078318,9803.945,-0.305749446153641,-0.445519626140595,40.2224494461536,108.080704626141,4,,,
7,46.041428,101.49029,7545.614,2.0056088,2.0431743,54.231236,0.03702556,0.03791013,0.018385837,10235.422,-0.305749446153641,-0.445519626140595,46.3471774461537,101.935809626141,5,,,
7,60.308468,190.47826,8118.489,2.1604657,2.098674,26.014969,0.035556525,0.03438773,0.028601082,9428.945,-0.305749446153641,-0.445519626140595,60.6142174461536,190.923779626141,6,,,
7,73.498215,197.46803,16252.285,2.5785186,2.4886975,-25.605473,0.025019588,0.024302656,0.03483438,11937.269,-0.305749446153641,-0.445519626140595,73.8039644461536,197.913549626141,7,,,
7,75.35194,159.40196,8860.158,2.1277518,2.010244,35.129173,0.034120478,0.03191979,0.055226333,10663.405,-0.305749446153641,-0.445519626140595,75.6576894461536,159.847479626141,8,677,75.6576894461536,159.847479626141
7,98.2171,85.13332,9750.85,2.1983795,2.0472193,28.949995,0.03288279,0.030317238,0.06875985,10665.562,-0.305749446153641,-0.445519626140595,98.5228494461536,85.5788396261406,9,,,
7,108.98405,173.95555,11980.354,2.4911723,2.3867733,4.5171833,0.031057358,0.029734313,0.041907564,9158.749,-0.305749446153641,-0.445519626140595,109.289799446154,174.401069626141,10,,,
7,117.87841,167.27089,8074.7744,2.1590672,2.0547407,42.47124,0.03759304,0.035373956,0.048320167,9494.642,-0.305749446153641,-0.445519626140595,118.184159446154,167.716409626141,11,3949,118.184159446154,167.716409626141
7,118.073944,145.30782,10927.969,2.288967,2.2553294,9.875472,0.030410312,0.029943053,0.014695505,10703.898,-0.305749446153641,-0.445519626140595,118.379693446154,145.753339626141,12,1090,118.379693446154,145.753339626141
7,128.04733,93.980225,22200.746,2.7394624,2.575247,-59.70908,0.020792298,0.02001098,0.05994436,14800.707,-0.305749446153641,-0.445519626140595,128.353079446154,94.4257446261406,13,1213,128.353079446154,94.4257446261406
7,132.1934,199.19366,8265.787,2.228072,2.089328,20.968597,0.035807174,0.033308316,0.062270824,8823.5205,-0.305749446153641,-0.445519626140595,132.499149446154,199.639179626141,14,,,
7,135.16978,236.15594,10003.833,2.3956091,2.2051091,2.0619314,0.03243807,0.029859507,0.079520494,9893.703,-0.305749446153641,-0.445519626140595,135.475529446154,236.60145962614,15,,,
7,153.0287,260.72778,7971.5693,2.076745,2.1079218,24.574541,0.034179825,0.03476594,0.014790304,8691.852,-0.305749446153641,-0.445519626140595,153.334449446154,261.173299626141,16,,,
7,157.22343,171.24968,10909.074,2.3587604,2.1628687,9.11891,0.03133176,0.028628316,0.083048545,10603.572,-0.305749446153641,-0.445519626140595,157.529179446154,171.695199626141,17,,,
7,190.98007,181.41193,6667.885,1.8960025,1.8785707,87.26497,0.040595934,0.040085208,0.009194004,10539.352,-0.305749446153641,-0.445519626140595,191.285819446154,181.857449626141,18,3984,191.285819446154,181.857449626141
7,193.80836,175.55643,10593.707,2.207597,2.1152973,35.408848,0.032041512,0.030489285,0.041810032,10704.322,-0.305749446153641,-0.445519626140595,194.114109446154,176.001949626141,19,,,
7,198.71066,98.25477,11934.879,2.2877252,2.182706,10.416219,0.029051032,0.02766333,0.045905467,11870.784,-0.305749446153641,-0.445519626140595,199.016409446154,98.7002896261406,20,,,
7,199.37677,162.72838,3188.5288,1.3702637,1.5473979,63.113194,0.041149594,0.04836687,0.11447228,7645.6167,-0.305749446153641,-0.445519626140595,199.682519446154,163.173899626141,21,,,
7,221.7697,84.667114,13894.227,2.346819,2.4029756,3.2259147,0.026990497,0.027638707,0.023369623,11627.749,-0.305749446153641,-0.445519626140595,222.075449446154,85.1126336261406,22,,,
7,223.09265,116.23723,8184.485,2.0373664,2.1560578,40.42426,0.03452018,0.03697891,0.055050213,8942.861,-0.305749446153641,-0.445519626140595,223.398399446154,116.682749626141,23,,,
7,228.98317,91.76452,11320.613,2.1794758,2.1596005,23.140205,0.029411875,0.029116416,0.009119297,12732.166,-0.305749446153641,-0.445519626140595,229.288919446154,92.2100396261406,24,,,
7,248.62021,78.447685,20408.645,2.0880406,2.1764252,32.795208,0.020642558,0.021583723,0.04061,23706.078,-0.305749446153641,-0.445519626140595,248.925959446154,78.8932046261406,25,,,
7,249.3066,129.6384,8722.71,2.0934227,2.0564897,27.928738,0.033077925,0.032411404,0.017642373,10207.777,-0.305749446153641,-0.445519626140595,249.612349446154,130.083919626141,26,,,
7,249.85725,65.69388,9947.464,2.096514,2.0893536,41.413353,0.03180265,0.031673923,0.003415396,12537.23,-0.305749446153641,-0.445519626140595,250.162999446154,66.1393996261406,27,,,
7,281.6544,79.709305,11093.946,2.320366,2.2249029,8.99166,0.030512787,0.029208418,0.041141372,10981.159,-0.305749446153641,-0.445519626140595,281.960149446154,80.1548246261406,28,,,
7,288.8637,54.35945,9087.259,2.144708,2.1537244,23.473341,0.032754485,0.032909613,0.004186475,9061.497,-0.305749446153641,-0.445519626140595,289.169449446154,54.8049696261406,29,,,
7,288.90912,243.28036,4331.233,1.8983294,1.9719653,35.41481,0.046457745,0.048773583,0.037341394,6267.4897,-0.305749446153641,-0.445519626140595,289.214869446154,243.725879626141,30,,,
8,3.8389785,207.2729,14448.848,2.2476678,2.3314083,62.147953,0.028795058,0.030114794,0.035918407,15185.622,-0.304949253797531,-0.444399267435074,4.14392775379753,207.717299267435,0,26,4.14392775379753,207.717299267435
8,17.722408,145.53055,6527.9707,2.0126026,1.9367783,50.392788,0.040418915,0.038486596,0.037674733,8763.615,-0.304949253797531,-0.444399267435074,18.0273572537975,145.974949267435,1,,,
8,30.720238,232.43207,11240.858,2.379787,2.3052201,1.8540028,0.03034865,0.02939991,0.03133341,10193.074,-0.304949253797531,-0.444399267435074,31.0251872537975,232.876469267435,2,4412,31.0251872537975,232.876469267435
8,39.90191,107.729866,17328.191,2.6110563,2.6134918,-39.711765,0.023445757,0.023461131,0.00093187427,11713.6875,-0.304949253797531,-0.444399267435074,40.2068592537975,108.174265267435,3,,,
8,60.187378,190.49467,7177.313,2.0172026,2.0973866,39.716003,0.036914006,0.03872422,0.038230427,8481.9,-0.304949253797531,-0.444399267435074,60.4923272537975,190.939069267435,4,,,
8,73.46764,197.5482,10752.859,2.2861173,2.1442263,26.578974,0.03226034,0.030008567,0.06206637,9082.651,-0.304949253797531,-0.444399267435074,73.7725892537975,197.992599267435,5,,,
8,75.37362,159.39337,10984.398,2.2259204,2.2812965,7.4345365,0.029235156,0.029984677,0.02427394,10699.775,-0.304949253797531,-0.444399267435074,75.6785692537975,159.837769267435,6,677,75.6785692537975,159.837769267435
8,79.639626,259.75107,4805.3037,2.1200602,2.2328682,34.80077,0.049875107,0.053372532,0.050521564,4414.713,-0.304949253797531,-0.444399267435074,79.9445752537975,260.195469267435,7,,,
8,98.10873,85.12898,13715.208,2.4152706,2.3878834,-10.539194,0.026789024,0.02650978,0.011339162,11974.59,-0.304949253797531,-0.444399267435074,98.4136792537975,85.5733792674351,8,,,
8,109.064,173.95433,8071.591,2.0966713,2.0937493,41.79883,0.036195558,0.036133848,0.0013936653,8271.811,-0.304949253797531,-0.444399267435074,109.368949253798,174.398729267435,9,,,
8,117.984886,167.37138,11399.753,2.3333998,2.3433297,5.1141815,0.029871797,0.030001273,0.0042375154,10028.715,-0.304949253797531,-0.444399267435074,118.289835253798,167.815779267435,10,3949,118.289835253798,167.815779267435
8,118.14401,145.30907,9055.969,2.1361904,2.215261,32.502804,0.03357451,0.03504028,0.035693567,8571.794,-0.304949253797531,-0.444399267435074,118.448959253798,145.753469267435,11,1090,118.448959253798,145.753469267435
8,127.94599,94.017975,18869.334,2.6696522,2.5257483,-18.44766,0.024731109,0.02354783,0.05390364,12317.102,-0.304949253797531,-0.444399267435074,128.250939253798,94.4623742674351,12,1213,128.250939253798,94.4623742674351
8,132.228,199.20596,7768.5117,2.1298115,2.0886617,29.009665,0.03626196,0.03544282,0.01932089,9362.124,-0.304949253797531,-0.444399267435074,132.532949253798,199.650359267435,13,,,
8,135.23074,236.23256,7761.018,2.0069146,2.0559738,31.28394,0.034092616,0.035069577,0.02386176,9570.843,-0.304949253797531,-0.444399267435074,135.535689253798,236.676959267435,14,,,
8,142.77264,149.91109,5187.1074,2.3403318,2.219586,37.155853,0.054578852,0.050873894,0.051593494,5191.0737,-0.304949253797531,-0.444399267435074,143.077589253798,150.355489267435,15,1317,143.077589253798,150.355489267435
8,153.07016,260.66312,7832.588,2.1688907,2.0474439,20.477707,0.035761446,0.03352204,0.055994913,9491.374,-0.304949253797531,-0.444399267435074,153.375109253798,261.107519267435,16,,,
8,157.28078,171.26543,13278.956,2.4457607,2.4192686,-12.141,0.02735567,0.0270879,0.010831852,10691.744,-0.304949253797531,-0.444399267435074,157.585729253798,171.709829267435,17,,,
8,177.15038,26.715435,8585.503,2.4410276,2.691234,10.421308,0.037159175,0.04132434,0.09297091,6236.9097,-0.304949253797531,-0.444399267435074,177.455329253798,27.1598342674351,18,,,
8,190.98462,181.44243,11542.821,2.317876,2.2172642,20.944271,0.030949859,0.029474901,0.04340695,9620.481,-0.304949253797531,-0.444399267435074,191.289569253798,181.886829267435,19,3984,191.289569253798,181.886829267435
8,193.65442,175.55841,4482.856,1.5649956,1.7711926,137.58763,0.04591262,0.055333167,0.11641699,6969.5522,-0.304949253797531,-0.444399267435074,193.959369253798,176.002809267435,20,,,
8,198.74669,98.3049,14280.308,2.4791856,2.4306457,-9.894425,0.026985545,0.02649721,0.01957896,10646.592,-0.304949253797531,-0.444399267435074,199.051639253798,98.7492992674351,21,,,
8,199.261,162.7936,3951.0198,1.6613317,1.7004551,55.094585,0.044682227,0.046082098,0.023007615,7169.4077,-0.304949253797531,-0.444399267435074,199.565949253798,163.237999267435,22,,,
8,221.84325,84.6728,14485.884,2.4410796,2.3651648,-4.11734,0.026898418,0.02609321,0.031098887,12651.893,-0.304949253797531,-0.444399267435074,222.148199253798,85.1171992674351,23,,,
8,222.99399,116.126305,11041.157,2.4160392,2.2414014,11.592046,0.032203518,0.029743362,0.07228268,9575.35,-0.304949253797531,-0.444399267435074,223.298939253798,116.570704267435,24,,,
8,228.94827,91.85903,12750.026,2.3033493,2.249355,2.145588,0.027586296,0.026941966,0.023441594,12841.389,-0.304949253797531,-0.444399267435074,229.253219253798,92.3034292674351,25,,,
8,248.59338,78.505806,23523.65,2.160713,2.3490636,1.9079418,0.019002259,0.020640785,0.080181174,23219.371,-0.304949253797531,-0.444399267435074,248.898329253798,78.9502052674351,26,,,
8,249.26733,129.70901,8755.878,2.146398,2.0940714,30.704819,0.034260232,0.033290464,0.024378832,9989.102,-0.304949253797531,-0.444399267435074,249.572279253797,130.153409267435,27,,,
8,249.86148,65.73963,13912.85,2.3617797,2.3901467,-4.0943594,0.02657752,0.026884347,0.011868327,12399.007,-0.304949253797531,-0.444399267435074,250.166429253798,66.1840292674351,28,,,
8,281.75012,79.660995,9183.531,2.1217723,2.1648386,29.025518,0.032702956,0.033468775,0.019893521,9649.204,-0.304949253797531,-0.444399267435074,282.055069253798,80.1053942674351,29,,,
8,288.8021,243.31831,5159.143,2.1826797,2.1060164,26.232962,0.047459505,0.045418397,0.035123456,6131.562,-0.304949253797531,-0.444399267435074,289.107049253798,243.762709267435,30,,,
8,288.83597,54.41548,8040.6465,2.135587,2.1010816,36.247078,0.0364787,0.03577069,0.016157322,9491.835,-0.304949253797531,-0.444399267435074,289.140919253798,54.8598792674351,31,,,
9,4.6411905,208.09048,12729.006,2.416535,2.3380713,8.792925,0.029581608,0.028585494,0.032469448,10105.07,-0.304149866104126,-0.443279832601547,4.94534036610413,208.533759832602,0,20,4.94534036610413,208.533759832602
9,13.861637,55.30177,3783.3696,2.156168,2.26141,40.27227,0.061703604,0.065971434,0.046538226,3759.9038,-0.304149866104126,-0.443279832601547,14.1657868661041,55.7450498326015,1,,,
9,17.669403,145.35104,8052.6704,2.1302438,2.1037078,33.042454,0.03596847,0.035437133,0.012456785,9099.516,-0.304149866104126,-0.443279832601547,17.9735528661041,145.794319832602,2,,,
9,22.961935,99.35465,8101.133,2.025829,2.1207213,38.019608,0.034266382,0.03620448,0.044745278,10204.599,-0.304149866104126,-0.443279832601547,23.2660848661041,99.7979298326016,3,,,
9,30.701706,232.4374,8259.836,2.1378431,2.0797465,24.956713,0.03465155,0.03357942,0.027175356,9178.803,-0.304149866104126,-0.443279832601547,31.0058558661041,232.880679832602,4,4412,31.0058558661041,232.880679832602
9,39.93948,107.607445,14454.959,2.585698,2.5202785,-4.911991,0.02838044,0.02769429,0.025300495,9966.564,-0.304149866104126,-0.443279832601547,40.2436298661041,108.050724832602,5,,,
9,60.25852,190.55771,9244.767,2.178315,2.1995716,12.093783,0.03180276,0.032133125,0.009664011,10176.563,-0.304149866104126,-0.443279832601547,60.5626698661041,191.000989832602,6,,,
9,73.54496,197.49649,15407.785,2.5629814,2.3726845,-24.9542,0.025507608,0.023936342,0.074248254,11757.793,-0.304149866104126,-0.443279832601547,73.8491098661041,197.939769832602,7,,,
9,75.35748,159.39267,8994.267,2.053235,2.0134177,33.46588,0.032278627,0.031554744,0.019392487,11800.82,-0.304149866104126,-0.443279832601547,75.6616298661041,159.835949832602,8,677,75.6616298661041,159.835949832602
9,79.83529,259.65802,8659.489,2.092076,1.9813015,23.825779,0.032779668,0.030844035,0.052949566,11330.585,-0.304149866104126,-0.443279832601547,80.1394398661041,260.101299832602,9,,,
9,98.15798,85.06548,15732.343,2.516935,2.5644855,-31.43015,0.024368076,0.024718853,0.018541902,11755.01,-0.304149866104126,-0.443279832601547,98.4621298661041,85.5087598326015,10,,,
9,108.99056,174.04597,9294.111,2.2692027,2.1626034,22.266556,0.034326065,0.032516584,0.04697656,9058.522,-0.304149866104126,-0.443279832601547,109.294709866104,174.489249832602,11,,,
9,117.83475,167.2579,11139.584,2.2740064,2.2470093,11.560579,0.030053388,0.029677587,0.011872037,10400.041,-0.304149866104126,-0.443279832601547,118.138899866104,167.701179832602,12,3949,118.138899866104,167.701179832602
9,118.04253,145.29001,8698.949,2.1969233,2.070614,33.75796,0.035688657,0.033278108,0.05749366,8921.46,-0.304149866104126,-0.443279832601547,118.346679866104,145.733289832602,13,1090,118.346679866104,145.733289832602
9,128.03542,94.03086,19888.709,2.6542943,2.5735981,-34.98006,0.022896674,0.022349954,0.030402094,12892.764,-0.304149866104126,-0.443279832601547,128.339569866104,94.4741398326016,14,1213,128.339569866104,94.4741398326016
9,132.18716,199.16203,9678.826,2.3641422,2.2031496,5.4952865,0.033005256,0.030704848,0.06809769,9656.276,-0.304149866104126,-0.443279832601547,132.491309866104,199.605309832602,15,,,
9,135.2359,236.14458,8622.114,2.2359438,1.9783309,25.705492,0.03567241,0.03103234,0.11521441,9962.292,-0.304149866104126,-0.443279832601547,135.540049866104,236.587859832602,16,,,
9,142.96982,150.02165,8863.892,2.1575701,2.027664,28.950064,0.034033637,0.031690165,0.060209483,10040.576,-0.304149866104126,-0.443279832601547,143.273969866104,150.464929832602,17,,,
9,152.99886,260.63376,6645.2124,1.862047,2.0062501,35.17406,0.034673333,0.037907787,0.07187697,9786.854,-0.304149866104126,-0.443279832601547,153.303009866104,261.077039832602,18,,,
9,157.30121,171.2389,9895.295,2.2176294,2.187976,21.890688,0.032234304,0.03175426,0.013371733,10270.773,-0.304149866104126,-0.443279832601547,157.605359866104,171.682179832602,19,,,
9,177.1511,26.668598,9653.341,2.2094579,1.9628327,38.097446,0.03417112,0.029733047,0.11162249,11187.8955,-0.304149866104126,-0.443279832601547,177.455249866104,27.1118778326015,20,,,
9,190.93214,181.47739,16028.749,2.5518715,2.5348282,-27.715624,0.024770347,0.024638077,0.0066787656,11299.926,-0.304149866104126,-0.443279832601547,191.236289866104,181.920669832602,21,3984,191.236289866104,181.920669832602
9,193.79408,175.61742,11546.2,2.249796,2.2129085,23.119873,0.030125398,0.029579189,0.016395891,11451.647,-0.304149866104126,-0.443279832601547,194.098229866104,176.060699832602,22,,,
9,198.66876,98.255806,12792.823,2.4004958,2.2645326,-1.8488166,0.028331216,0.026767634,0.056639634,10637.87,-0.304149866104126,-0.443279832601547,198.972909866104,98.6990858326016,23,,,
9,199.29955,162.75911,3357.2495,1.6285268,1.6577798,53.45525,0.048377708,0.04954897,0.017645894,6726.868,-0.304149866104126,-0.443279832601547,199.603699866104,163.202389832602,24,,,
9,221.7726,84.6831,11308.506,2.2978113,2.1421077,41.79795,0.032854732,0.030228565,0.067761675,10387.483,-0.304149866104126,-0.443279832601547,222.076749866104,85.1263798326015,25,,,
9,223.13287,115.97955,10052.388,2.141971,2.323184,26.498318,0.031144103,0.03416416,0.07800196,10692.644,-0.304149866104126,-0.443279832601547,223.437019866104,116.422829832602,26,,,
9,228.95001,91.76858,16427.63,2.49945,2.5223527,-32.837685,0.023717664,0.02388473,0.009079907,12558.225,-0.304149866104126,-0.443279832601547,229.254159866104,92.2118598326016,27,,,
9,248.63187,78.795876,16582.883,2.0199878,2.1892529,22.622986,0.021959394,0.02391471,0.077316344,20138.016,-0.304149866104126,-0.443279832601547,248.936019866104,79.2391558326016,28,,,
9,249.25056,129.71387,9505.853,2.2271686,2.1171505,22.166115,0.03316751,0.03134297,0.049398154,9983.445,-0.304149866104126,-0.443279832601547,249.554709866104,130.157149832602,29,,,
9,249.89505,65.62208,12233.85,2.3325438,2.2910225,14.9714985,0.029655684,0.029091625,0.017800871,11669.869,-0.304149866104126,-0.443279832601547,250.199199866104,66.0653598326015,30,,,
9,281.63345,79.672165,9142.736,2.0410743,2.1429226,31.688988,0.031596027,0.03342761,0.047527783,11224.833,-0.304149866104126,-0.443279832601547,281.937599866104,80.1154448326016,31,,,
9,288.73343,243.28642,3429.5017,1.7837322,1.684888,49.66046,0.0531393,0.049203146,0.055414245,6475.395,-0.304149866104126,-0.443279832601547,289.037579866104,243.729699832602,32,,,
9,288.8897,54.381218,8500.751,2.1443436,2.1741164,32.69715,0.03504707,0.03562392,0.013694188,9988.897,-0.304149866104126,-0.443279832601547,289.193849866104,54.8244978326015,33,,,
10,4.977251,208.41205,13414.258,2.4599373,2.450135,-17.718925,0.026830561,0.026738662,0.003984793,10673.422,-0.303351223468781,-0.442161351442337,5.28060222346878,208.854211351442,0,26,5.28060222346878,208.854211351442
10,13.885053,55.286926,6111.452,1.9747956,2.0101736,50.563896,0.04121268,0.042170893,0.017599465,7871.769,-0.303351223468781,-0.442161351442337,14.1884042234688,55.7290873514423,1,,,
10,16.63057,194.63005,5410.775,2.7049289,2.137534,35.451508,0.0640148,0.04676888,0.20976336,3905.8708,-0.303351223468781,-0.442161351442337,16.9339212234688,195.072211351442,2,,,
10,17.711975,145.43842,8661.1455,2.089493,2.108032,28.98674,0.033249296,0.03358976,0.008794435,9536.608,-0.303351223468781,-0.442161351442337,18.0153262234688,145.880581351442,3,,,
10,22.988335,99.4203,9202.809,2.102231,2.1437864,29.925339,0.0324017,0.033141255,0.019384116,10810.074,-0.303351223468781,-0.442161351442337,23.2916862234688,99.8624613514423,4,,,
10,30.688454,232.28752,8692.837,2.2140584,2.1804037,18.50379,0.034242142,0.03366508,0.015200453,9408.607,-0.303351223468781,-0.442161351442337,30.9918052234688,232.729681351442,5,4412,30.9918052234688,232.729681351442
10,39.9839,107.63694,10375.558,2.1833885,2.3286214,34.13829,0.03191577,0.034423597,0.062368624,7837.6196,-0.303351223468781,-0.442161351442337,40.2872512234688,108.079101351442,6,,,
10,60.279644,190.47055,8441.055,2.1562495,2.0940773,19.909414,0.033971585,0.03288372,0.028833479,9553.415,-0.303351223468781,-0.442161351442337,60.5829952234688,190.912711351442,7,,,
10,73.50023,197.48492,16517.05,2.637777,2.626236,-26.744534,0.02521333,0.025125124,0.0043753237,10902.871,-0.303351223468781,-0.442161351442337,73.8035812234688,197.927081351442,8,,,
10,75.3211,159.35333,7950.6733,2.0483234,1.9009352,50.75009,0.036417324,0.033202317,0.07195554,10732.187,-0.303351223468781,-0.442161351442337,75.6244512234688,159.795491351442,9,677,75.6244512234688,159.795491351442
10,79.76943,259.7424,11590.313,2.4775987,2.3201475,-4.5436106,0.030355016,0.028514277,0.0635499,10168.027,-0.303351223468781,-0.442161351442337,80.0727812234688,260.184561351442,10,,,
10,98.24684,85.103645,10552.13,2.3071342,2.1774619,23.965473,0.032694235,0.030639136,0.05620492,9373.359,-0.303351223468781,-0.442161351442337,98.5501912234688,85.5458063514423,11,,,
10,108.97634,174.04353,9687.091,2.2843647,2.171022,16.824553,0.033160456,0.031368166,0.049616754,8217.969,-0.303351223468781,-0.442161351442337,109.279691223469,174.485691351442,12,,,
10,117.779884,167.26593,10312.072,2.3675013,2.269175,30.485525,0.03483976,0.033156265,0.041531637,8988.609,-0.303351223468781,-0.442161351442337,118.083235223469,167.708091351442,13,3949,118.083235223469,167.708091351442
10,118.12436,145.2387,8301.145,2.0909078,1.9497716,45.536446,0.035830043,0.032903887,0.06749995,10407.207,-0.303351223468781,-0.442161351442337,118.427711223469,145.680861351442,14,1090,118.427711223469,145.680861351442
10,127.985596,94.04124,19022.016,2.6408148,2.5172358,-20.23406,0.02428096,0.023282295,0.046795793,12591.556,-0.303351223468781,-0.442161351442337,128.288947223469,94.4834013514423,15,1213,128.288947223469,94.4834013514423
10,132.11786,199.21577,7046.369,2.013155,2.0788696,36.737812,0.036900762,0.038369533,0.031610735,7243.816,-0.303351223468781,-0.442161351442337,132.421211223469,199.657931351442,16,,,
10,135.18321,236.18588,9582.136,2.1839855,2.1575975,8.0984,0.030864429,0.030478217,0.012082466,10720.22,-0.303351223468781,-0.442161351442337,135.486561223469,236.628041351442,17,,,
10,142.87273,149.9578,9841.271,2.2611432,2.2692716,21.078138,0.032959547,0.033092063,0.0035819444,10348.151,-0.303351223468781,-0.442161351442337,143.176081223469,150.399961351442,18,,,
10,153.05872,260.7118,7304.652,2.1636808,2.0419672,32.591274,0.0388353,0.03623172,0.056253046,8058.9106,-0.303351223468781,-0.442161351442337,153.362071223469,261.153961351442,19,,,
10,157.22934,171.28772,8864.832,2.139911,2.038294,28.050882,0.033616472,0.031796545,0.04748649,10428.268,-0.303351223468781,-0.442161351442337,157.532691223469,171.729881351442,20,,,
10,177.15883,26.631876,12129.215,2.2530766,2.311598,5.697604,0.02796726,0.028706683,0.025316473,11974.803,-0.303351223468781,-0.442161351442337,177.462181223469,27.0740373514423,21,,,
10,190.93124,181.43488,12999.34,2.4108436,2.3895228,16.161566,0.029829659,0.02954549,0.008843717,9236.839,-0.303351223468781,-0.442161351442337,191.234591223469,181.877041351442,22,3984,191.234591223469,181.877041351442
10,193.8241,175.58139,12231.647,2.331034,2.3144355,28.89268,0.03081547,0.030566085,0.007120644,11313.53,-0.303351223468781,-0.442161351442337,194.127451223469,176.023551351442,23,,,
10,198.76361,98.20607,11554.579,2.3524575,2.2182555,15.500974,0.030925162,0.02903407,0.05704758,10420.242,-0.303351223468781,-0.442161351442337,199.066961223469,98.6482313514423,24,,,
10,221.85703,84.59576,14737.33,2.3798118,2.4879892,1.4134017,0.026431952,0.02762618,0.04347986,11651.956,-0.303351223468781,-0.442161351442337,222.160381223469,85.0379213514423,25,,,
10,223.57787,112.093254,19299.85,2.3906236,3.4478238,8.493934,0.023524065,0.03442096,0.30662826,10181.43,-0.303351223468781,-0.442161351442337,223.881221223469,112.535415351442,26,,,
10,228.91048,91.844734,8645.929,1.9220476,2.052208,60.614487,0.032673713,0.03548293,0.063424535,9992.274,-0.303351223468781,-0.442161351442337,229.213831223469,92.2868953514423,27,,,
10,249.18439,129.61151,14653.366,2.5971203,2.623664,-25.15677,0.026289493,0.026501337,0.010117004,10225.4375,-0.303351223468781,-0.442161351442337,249.487741223469,130.053671351442,28,,,
10,249.94907,65.63462,10250.566,2.1872766,2.1271408,30.561132,0.031896316,0.030893477,0.027493479,10194.116,-0.303351223468781,-0.442161351442337,250.252421223469,66.0767813514423,29,,,
10,281.71765,79.64514,10422.81,2.187148,2.2790306,14.869397,0.030193072,0.031558454,0.04031647,10121.405,-0.303351223468781,-0.442161351442337,282.021001223469,80.0873013514423,30,,,
10,288.81097,54.415367,6749.716,1.9221475,1.9919811,51.720676,0.037447423,0.039183706,0.035057377,8681.183,-0.303351223468781,-0.442161351442337,289.114321223469,54.8575283514423,31,,,
10,288.9844,243.29234,2030.2019,1.8580874,1.7001097,43.547073,0.08009941,0.07037096,0.085021675,3228.833,-0.303351223468781,-0.442161351442337,289.287751223469,243.734501351442,32,,,
